<?xml version="1.0" encoding="UTF-8"?>
<!DOCTYPE mapper
  PUBLIC "-//mybatis.org//DTD Mapper 3.0//EN"
  "http://mybatis.org/dtd/mybatis-3-mapper.dtd">
<mapper namespace="org.zerock.mapper.ReplyMapper">
	<!-- /* a. 등록(create) */ -->
	<insert id="insert">
	    insert into tbl_reply (rno, post_id, reply, admin_name)
	    values(seq_reply.nextval, #{post_id}, #{reply}, #{admin_name})
	</insert>
	
	<!-- b. 조회(read) -->
	<select id="read" resultType="org.zerock.domain.ReplyVO"> 
		select * from tbl_reply where rno = #{rno}
	</select>
	
	<!-- c. 삭제(delete) -->
	<delete id="delete" >
		delete from tbl_reply where rno = #{rno}
	</delete>
	
	<!-- d. 수정(update) -->
	<update id="update">
		update tbl_reply 
		set reply = #{reply}, 
		updateDate = sysdate 
		where rno = #{rno}
	</update>
	
	<select id="getListWithPaging" resultType="org.zerock.domain.ReplyVO">
    <![CDATA[
      select rno, post_id, reply, admin_name, replydate, updatedate
      from
         (
           select /*+INDEX(tbl_reply idx_reply) */
              rownum rn,  rno, post_id, reply, admin_name, replyDate, updatedate
         from tbl_reply
         where post_id =  #{post_id}
                        and rno > 0 
                        and rownum <= #{cri.pageNum} * #{cri.amount}
      ) where rn > (#{cri.pageNum} -1) * #{cri.amount}
   ]]>
   </select>	

	<select id="getCountByBno" resultType="int">
		<![CDATA[
	      select count(rno) from tbl_reply where post_id = #{post_id}
	   ]]>
	</select>	
	
</mapper>